id,label
1291952487415648257,U
1369528029765115904,U
1349301714583748609,N
1334527157448617985,P
1419110089248575491,N
1294951632028008449,U
1379507526740242433,N
1276814815026196484,U
1418137397632462853,P
1251322822837833732,U
1305790344848723968,U
1376418361182089220,U
1255207577551613952,U
1416979688589709314,N
1254104025844285440,U
1334384048391778306,U
1337833811988508673,N
1330431735696244742,U
1344579425841668096,U
1331254471989501952,P
1262187013396221953,N
1383131979479195656,U
1310795664540958721,U
1385756930568765443,U
1406683862210691079,N
1410895259408777216,N
1341352049515085824,U
1375374760088113153,U
1359381987950276609,U
1281280867227271168,P
1241137803519569920,P
1338302407701221376,U
1281502539368640513,U
1312573301793804288,U
1371534732383621133,N
1420993011635441664,U
1403018717315878919,U
1240912536385527808,U
1385986627969896449,P
1350328407775698944,U
1309194984772395010,P
1313338862949691392,U
1408363581746278403,P
1252257764044427264,N
1242308020870078464,U
1345381718799298571,U
1408025359036162048,N
1406050583874707456,U
1333337894820384769,U
1371987437426196486,N
1346169394913816581,P
1303140860218015745,U
1401356536170045442,P
1344860312575598592,P
1383086609902493698,U
1362051744625172485,U
1293207973263822849,U
1418284103670157324,P
1278269064956149762,U
1371154614972788738,P
1384806111258189836,U
1287091205596225536,U
1404821150144794630,U
1412076842840899584,U
1296762685040799745,N
1289843577565016065,U
1336022029212987394,U
1289524722225434624,U
1289780154672091137,U
1288803423568236544,U
1305631667730743297,P
1299043533442232320,P
1393452342058446850,U
1361251569715400708,P
1322197199040606210,U
1262043087523639296,U
1284909130176765952,N
1237123751059341314,U
1420405786375819273,U
1416334070695464966,P
1252189352723206145,N
1415247177320968193,U
1256468714821746689,U
1375035218571227139,U
1309872989891035136,N
1324837063770935300,U
1357988346417582081,U
1410567037420773378,P
1404374923791962112,N
1260530540022816769,U
1257560007324901382,U
1417197474977140743,N
1310099135895347200,U
1286837188756307968,U
1344942218403061760,P
1250237786063433729,U
1252265081141891081,U
1287555333569695749,U
1334436537359011842,N
1248414433707094025,U
1295559116237287425,N
1373122106565783556,U
1334383274131591169,U
1404683884428734466,U
1388903782369611781,U
1364288399352422406,U
1361549292620697604,U
1327416789731471360,U
1335106764493246466,U
1370552073859653632,U
1332285596409139201,U
1290564695766847489,U
1281557729136349185,P
1294229610058534912,U
1260960945595088897,N
1239341654521208832,P
1283218779917422594,P
1368753834751758336,U
1257900680548954112,U
1254376009471873024,U
1386392542493609985,P
1386135469688180736,P
1386614607129681926,U
1384218011385487364,N
1407556985768210432,P
1237042364746575872,U
1373936365725917186,N
1398643778714492930,U
1285167890992205825,U
1299777392257490945,N
1309010305704484866,U
1342664165215924226,N
1308107174732857344,P
1342902612090368001,P
1237975911590277120,U
1322195293719449600,U
1395453331254829057,U
1413019092039131140,U
1294862239799939073,U
1410054730844356612,U
1246140447573016576,U
1302190109446598657,U
1316909892192604161,U
1358651286845984774,U
1289516138485882882,N
1349159604450594816,U
1401870839885176833,U
1335396753403768832,U
1401444385305161733,P
1290481525142614017,N
1347256028837142530,P
1364603618004004873,U
1281245640555716608,U
1242828961849237505,U
1407949014717255681,U
1334294736157376518,N
1367776414834040832,P
1344672686950248448,P
1407881004472283140,U
1270036650760925186,U
1406908906996125698,N
1272796915248267266,U
1356121345109549061,P
1312614556238114816,U
1407273205807697920,N
1240651642795470848,U
1382966194295169024,P
1310633792143601669,U
1370618059266867202,U
1366095885642309634,P
1315318606209703936,U
1244275357630574593,U
1356833526600105986,U
1414967776482037762,N
1253287904656457728,U
1241960212707323904,U
1420201081208852483,P
1255923328218513408,U
1396382007408558081,U
1411759972837257216,P
1312719103891697669,U
1297549855338921993,P
1349291497271783424,U
1294538928758960128,U
1264991709064118272,U
1339956829573378050,U
1240022274603966464,U
1314530525084749824,U
1380550397174104067,P
1372004364445917186,N
1354245106983956493,U
1355321920204529668,P
1296506735721623553,U
1302206102415839232,N
1254006205460238336,U
1290465975675084800,U
1358279745646034945,U
1311628541398843393,N
1410845340048134149,P
1309849089090166785,U
1251391478510878723,U
1311125567798947841,U
1321684870687420416,U
1414162471733059585,U
1370192374794743808,U
1411625645377998853,U
1414401011108651017,P
1312402401035522050,U
1390951105614462976,P
1277992060411277313,U
1368887155867611136,U
1383664970949283841,P
1337062312767868933,U
1349963187089670144,U
1367806454753820677,U
1357037912945221632,U
1380095562649899008,U
1362825613086654464,U
1389147618492751874,P
1381833949324926976,U
1334426631096569858,P
1412484183860166659,U
1380743953230618625,U
1329566501188358144,N
1332137905100369921,P
1259811703686156293,N
1390634711844802561,U
1389464417730015234,P
1353657667902861312,U
1420918400356782081,N
1359427599672479744,U
1358486639765581824,P
1416268044243030020,U
1352913898635223040,U
1312929193718624257,N
1416214473422032900,U
1289206182024843266,U
1368849910309789696,N
1396379589669232646,N
1376502299623882760,U
1398455127766409218,N
1290195310044561408,U
1420267969725218816,N
1241022051755929601,U
1339858996317052929,U
1389897165296726016,N
1377334427701886981,P
1249624264308928512,U
1359682271771566081,P
1400889522880237575,U
1398558878640402438,U
1297561748699000834,U
1338873750570246151,N
1309918268627378176,U
1240658284303933440,U
1363199868286734337,U
1354865346650529796,P
1261348501801312257,U
1239750655625101314,U
1281760967970263041,U
1363095413365047300,U
1382406960755175433,P
1359575050224078850,N
1261642216054947841,U
1358662100210634755,U
1399251430356111362,U
1319243737273389056,U
1352164441169793025,P
1252624392338767873,U
1243785990726180866,U
1384898658387308544,U
1328516675176722433,N
1235074320671461376,N
1363635003201052672,U
1312715901129682945,U
1416644524881842178,N
1347132726848184322,P
1352223686405853186,P
1370546476112224257,N
1366052746630225921,U
1353520973258092551,U
1385201146218745857,P
1284919536395984901,N
1316703559308791809,P
1297194560347611138,N
1389608851243106307,N
1380595952105455620,P
1341560220166750209,P
1307730574258438145,U
1347463451866705923,N
1338664973002825734,U
1393941201737375748,U
1252512297475551232,U
1362428351378513923,N
1370192618781556739,U
1372362892146774020,U
1327321574089830400,N
1363926035482484738,U
1240139304615251971,U
1296951419417710592,U
1275181305731452931,U
1304395603607199744,U
1327176049835315200,U
1344719862602616839,N
1404468430531670021,P
1417301824252567553,P
1371490547177783300,U
1413909442274414596,U
1380958712890859521,P
1375990832831021057,U
1278389033454821376,U
1326236271396728832,U
1391722776873029632,P
1342599022855376896,U
1386204665700700164,P
1256251480560066569,P
1320216748927242241,U
1393173419751997440,P
1250741965479645184,U
1288568060773793797,U
1306057661646024706,P
1238993614677725192,U
1385985510242340868,P
1242950682694516737,U
1267517630665101312,N
1318411942067728384,N
1237943723448848384,P
1266070573672587264,N
1246129711916474376,U
1379372708350189570,U
1323203257792167942,P
1412847262036893704,N
1386601914301882370,P
1297168992780550149,N
1401592786508554257,U
1340724829368958977,P
1390017041118240780,P
1263059223652548608,U
1317368651234770946,U
1303976536681349131,U
1281019025942810624,U
1386711571217281027,P
1346633671466496001,N
1289009144536727554,N
1347053216475738112,P
1395558810245292034,P
1323771132185632769,P
1284296275601567745,U
1258416056898662405,U
1344084895962828801,P
1382353557656121350,P
1421545017689190403,U
1250021368722325504,U
1261891284442025984,N
1362733474399064065,U
1340529038373339136,P
1381062913033637893,P
1374650390638170118,P
1405493122679787521,P
1262410774233837568,U
1371761487551860737,U
1319588094950006786,U
1358659889120366593,U
1323164005951852549,P
1246103240921485314,U
1345334867060518913,U
1312042534630305792,U
1254010813259460608,P
1384218920354160642,U
1417731004232503298,U
1261727597471432704,U
1354726529549402114,P
1260745931462520832,U
1413018917107236864,U
1245936323069870086,N
1338763619388022784,U
1341090060809080832,U
1369616120253153281,P
1353276779885178880,U
1414298394730942472,P
1350360516062031872,U
1295706925141651457,U
1421137820933046275,U
1260958597124698113,U
1301185325931409411,U
1406678848843010064,U
1243472074368139264,U
1344250620161781760,U
1296050293189292032,U
1244481000131854338,N
1327557961359749120,P
1353156385492660224,U
1318029118286561281,U
1380485619693056003,P
1364505121137123329,N
1384025354315001858,N
1418960671333621767,N
1376564668085460994,U
1388200754838650894,N
1421408069502881793,U
1384941748678447105,N
1258291573583949824,U
1371897626182967296,P
1351241727428931585,U
1303129901977931776,N
1384475759759093762,N
1331480821669244930,U
1366816777955643396,U
1330082691686027264,U
1301748250282733569,U
1286540325780172801,U
1412591812221366273,U
1397883965873131530,U
1281604037478174720,P
1244781821050507264,U
1330088373344739329,N
1273797252109107200,U
1399610602276851714,U
1400027215014858755,U
1324728910593073160,N
1308005026430955521,U
1388205632428208131,U
1314081092656402432,U
1362008141538459649,U
1413917250063671299,N
1316806675601321984,U
1350045216624046081,U
1391829192354930688,U
1285125922895663104,U
1392447152694177792,U
1287459920002969600,U
1381788289074671617,P
1395706114432503813,P
1397943605352800265,U
1257378881557970945,U
1256754900765196288,U
1263399298328379392,U
1343631413149634560,P
1315896985703022592,U
1344610623255003137,U
1246323755015720960,U
1399394605691543552,U
1357402355873046528,U
1287794593942077441,U
1403042081518522369,P
1393142399677779971,P
1258364876902281216,N
1282644328377135116,U
1286225537912975360,U
1375253050663706624,U
1267637688687038465,U
1325975122021412869,P
1405907106654527491,U
1415636529754513413,N
1405461590133063682,N
1270873743972282369,U
1419233841206595588,N
1313650096584773632,N
1417152244970147845,U
1359472043792678912,U
1237803168068775938,U
1298912591645990912,U
1367910807758069766,U
1291446489517105152,N
1328153269454200832,U
1362283967500541952,U
1379612264072941568,U
1421545329464336391,N
1266280367792680961,U
1281144009948229632,U
1404009988742385664,U
1327123359084240897,N
1371628589016346627,N
1300717250861654016,N
1239410793692696576,U
1341198250418778119,U
1275134612734455808,P
1420669046853410816,N
1355183556079874049,N
1333934809752604672,U
1288133766993436672,N
1293152463625826307,U
1393959013553954818,U
1390838849786376200,N
1235661200635187200,U
1385925656253456389,P
1389655188617695233,U
1383812423711268871,U
1268692060120514561,U
1238817795359625219,N
1415339686105653254,N
1253778707396902913,U
1373833043388067841,P
1350253853321658375,U
1403958600012374021,U
1259555069541978112,U
1393088470382374915,U
1245667862141788162,U
1257239654765477890,N
1370701423856472065,U
1331885636257714176,P
1370883448647290881,U
1351767479987662848,U
1315256220039745536,N
1409425023362818050,N
1276752625791270913,U
1366054800849256453,U
1255424758977638402,P
1402595591574720519,U
1367807022943571971,U
1373173844287102978,P
1270734749460504576,U
1405238522081067014,U
1261673540262268928,U
1324273379835322368,U
1334467039046459392,U
1266668255634001920,U
1364432249102295042,U
1373665245483429893,U
1341198896492662784,N
1251681330699612160,U
1247753400235593728,U
1341316241009631232,U
1309458730627497985,U
1314498852284772352,U
1277203127742103552,N
1403528870201073675,U
1406184130161876997,N
1249667698071670787,U
1377065005531725824,P
1383664938720264195,U
1374298083371200512,U
1355902509118840838,U
1365012518939340803,P
1350878072409620480,P
1310016023806922753,U
1357268509047345152,U
1402955000876212225,U
1313655961807212545,N
1412953212722819081,U
1281264952364240896,U
1416095987005751296,N
1405769144444669961,U
1310477985804414976,N
1241746361701158912,U
1348958786422235144,U
1349889577968836608,P
1238048142408499200,U
1251220125937815557,U
1290989785981620224,N
1404874131489779714,U
1277267568605233153,U
1306408669991501824,U
1358583348155801600,U
1317774478965956608,N
1306283043422908417,U
1351392711413178369,N
1381100323058647040,U
1337326699315425281,N
1315718878815686657,U
1403598493290221570,N
1296383394524196865,U
1393705526341603328,U
1336544826062381056,U
1274019366359773184,U
1281853826211950592,U
1321837958706667520,U
1404468395672707075,U
1275243508220166144,U
1263686737013780481,U
1397626050721497097,N
1343779299556470785,U
1409811114041425924,U
1332945220640649218,U
1364871466508972035,U
1253203208291246080,U
1341458444537118720,U
1285026323967221760,U
1350619651185795073,U
1241301899363659776,U
1384389834282659844,U
1274637506370289664,U
1364751961703211009,N
1261676078982021121,N
1294563819323305987,N
1384944301973647361,P
1242809856848826369,U
1318836094356627456,U
1394725969768816643,N
1377289156494249986,N
1315795627628953600,N
1307381888827432962,U
1372576483345117184,U
1325827591102590976,U
1324289882471174146,U
1369226286456004608,P
1347116248136617984,U
1326340699852316672,U
1278185298590081026,U
1263856260006293506,P
1237083704696201216,U
1399664874880266243,U
1296614883245666304,P
1297245778302439426,U
1260929971242983427,U
1286323898078781440,N
1284294781263400961,U
1360406579481358336,U
1384890768930840576,N
1258097849872478208,U
1282723885293514752,U
1250814265767997440,U
1242299616306970627,U
1304635924601425923,N
1260695272574857216,U
1319277433661472775,U
1326961663451475969,N
1381182713525383169,U
1347926145673682949,P
1400034465187995656,U
1384531274120024067,P
1252305425531199493,U
1363452702164926467,U
1387115872859217923,N
1391206828424404993,U
1379458785517912065,U
1286546174678306817,U
1367655110755504128,U
1285147447837286405,U
1237214448537849857,U
1239817636743188480,U
1259640566742167554,U
1390017233074757636,U
1416940850278449157,U
1331203491558268931,U
1284916261240156160,U
1279880316178628612,N
1239053523104550912,U
1415490466133385226,U
1290634441757466625,U
1243171472148967425,U
1327686392063856641,U
1394834026704289795,U
1264296215639982081,P
1285090734954012673,U
1385476965906337796,U
1402146139923652624,P
1407510872445050886,P
1315521735953993729,N
1328147889646800896,U
1409576694621478933,P
1392365039357775873,U
1368634536532320257,P
1418642250440089604,N
1304274197296812032,U
1258937694069104652,U
1249764089259266048,U
1397369717111861249,N
1253862827519086593,U
1378715413689872384,N
1391724512136376321,P
1388061670656913410,U
1404126499871940612,U
1383747423017652228,N
1252308512883032073,U
1241019113280958464,U
1346840215843958792,U
1365738145841516545,N
"1,3661×10^+18",P
1313361597805613057,N
1241787255380819968,U
1266795512713195520,N
1240865261328236544,U
1263125994375909378,U
1310642403905282049,U
1235478329651646465,U
1370795603240873990,P
1285957774896173058,U
1375625150909964289,P
1397988308261634052,P
1254139343423275008,N
1317068405539803136,U
1339509905498247172,P
1343771663251501068,P
1279105471018790912,U
1274337566154731520,U
1363516354549186560,U
1338195668721152001,P
1260436315608399878,U
1410929304377171974,P
1297235011507228674,U
1410310642213560321,N
1286418410256179201,U
1297607734024712192,U
1329390142117847046,U
1378376738879733764,P
1247901811802947591,P
1326337929724137472,P
1302634998072258560,U
1311605546185883649,P
1300017132772773888,U
1338729394228039681,U
1322297692479987712,U
1264105189772013568,U
1305820449650155520,U
1335234949985800194,U
1387114509349924867,N
1360256333300305929,U
1359893485919363072,U
1321670070087593985,U
1248112291989594118,U
1322378079377985536,U
1314223524005859328,U
1405953125173940226,U
1285238665325826048,N
1234091738089869314,U
1350742394942095360,P
1389146731737198592,U
1402870752232288256,U
1238853876314329088,U
1334566024738463745,P
1254741640016728065,U
1328303982305918976,U
1308204020482355200,U
1342903469334736898,U
1341095804195414016,U
1293419403543887872,U
1419363987011952641,P
1325701037542420480,U
1261458872151142400,N
1242434713958191106,U
1371427259131834369,N
1343392653057122305,U
1300979230323298304,U
1245682222943870977,U
1248275857069596672,U
1363271582798536707,N
1310639573379280898,N
1379614161534119938,P
1268025155135176704,U
1397801238163378176,P
1323322728758300672,U
1361107364095553538,P
1372215036521840641,P
1355905160241942539,U
1246801291487121408,U
1410206266119446537,N
1393075959834693635,U
1410252514654445576,N
1359521997999517699,U
1362005855378489345,N
1388193749344342024,P
1411982379976204290,N
1312991730996776962,U
1236303688148430852,U
1339817656900145152,U
1275740832302276609,U
1379250213580206085,N
1344905278265823232,U
1418279838893453316,U
1399328630006849536,U
1346392422658547714,U
1311983663840727041,N
1287930183459241984,N
1389749186707431426,N
1322510051119169536,U
1357355184075141126,U
1290340192650514434,U
1343371201058467841,U
1392780399705681920,U
1275056683580981249,U
1361343544166813697,N
1357403474770624516,P
1406492973269848072,P
1237576518705876992,U
1413654530546278400,N
1352930773112909824,U
1369829544325177344,U
1340540018754871301,U
1278284396408250368,U
1350379781779578883,U
1275588895338618882,U
1382193052463157249,N
1248498869047943168,U
1331612373489250319,P
1276433358273347584,U
1312348315179245569,U
1331841753696133122,U
1369101190454276097,U
1306306433533841409,N
1237080420816216074,U
1361248434271969282,P
1310130903310426113,N
1276106421830971392,N
1372622744244916225,P
1252769276056010753,U
1346756944594350080,U
1352223560714993664,U
1315719083938119681,U
1364818207392075777,U
1334668686435684352,U
1352188051724902401,U
1268384350279737349,U
1283327771255746560,U
1394235998733799425,P
1237802323809894406,P
1339271603537014784,U
1299925839610482690,U
1366824754389397510,U
1245272067941044224,U
1263787900262547456,N
1353919448328134656,U
1408092077259476995,U
1326959907103453186,N
1245170217946398721,U
1349009642089828356,U
1406942321481027589,U
1271508040781631493,U
1242607535158370305,U
1297244172177612802,U
1253864620978171905,U
1234703732287381506,U
1401972613514153986,U
1419959527240343559,N
1261465149736652801,P
1360160596532948994,P
1419370494088949769,U
1301736661936533504,U
1272098398410244096,U
1350258186981400578,P
1239053815749283840,U
1353584676577841153,N
1319970149399744512,U
1383382831494168579,N
1301489279797878784,U
1241231327686471680,N
1294549713409028096,U
1383086444856569858,P
1329493712477577217,U
1371108957608157187,U
1400163180790390786,U
1237188905205551105,U
1391572059956731904,U
1258930430843269122,U
1321831323472785409,U
1355090277447380998,U
1393632626548871172,P
1334677598991998979,U
1255435103146258434,U
1310811222506233859,U
1288650003301507073,U
1368226546524196865,N
1276724694310420481,P
1343712925937090560,U
1340323695290703872,N
1367861344062611456,N
1349600793578582017,N
1405485604725411842,U
1239366738971508737,P
1382724461212803078,U
1412123918002003970,U
1337356609576706048,U
1365264587826868228,U
1238398452742205440,U
1369582234924163072,U
1381127777651425283,U
1246095044060360706,U
1398576565580148739,U
1304210697950302209,U
1380735708294418434,P
1406305111337357316,N
1239513734994743297,U
1318847650293317633,U
1406943472226082819,U
1365843234463825921,U
1297341274442301440,U
1419733393214885888,N
1347618268769640450,P
1248905542808023041,U
1377540517119066112,U
1271002039334682627,P
1322341302785159168,N
1339903047238037504,N
1342282681036513280,U
1270232422240579584,U
1282625811514822658,U
1301227483644260355,U
1395182656275505156,N
1388521424437063683,N
1312347216342929408,N
1399029515695931398,U
1414170519683977219,U
1409475082553077761,U
1387117979859492864,U
1250959479987994631,U
1374296178695749634,U
1367861739535138816,P
1282701756032581633,U
1414834227057623041,P
1326378040289529856,P
1336384090002640896,P
1419324790188433419,U
1357235949042737157,P
1248631343002591232,U
1249719708091322368,P
1382918346081923073,U
1365874973047480320,P
1328872241312968707,U
1263130517181997059,U
1239580860938141708,U
1420050332617519105,U
1298062410570334208,U
1384371813879226371,U
1331983600456183809,N
1285005285044568065,U
1415373800070279169,N
1351137143641485314,U
1316186323292622849,U
1372819803753316352,U
1242464522427699200,P
1329960669706215425,N
1269312914994761728,P
1272232542939144194,N
1374024816861323264,P
1329307323517579264,N
1394226426057039872,P
1342179691432730624,U
1415702554881630208,N
1301901748022378496,N
1292621034630385664,U
1255164768354213888,U
1408028567657664524,U
1306293098390212608,U
1278839353549008896,N
1407668648253132801,P
1246303871166808064,U
1381785733292232705,P
1395251449672572932,U
1391104531593891853,N
1384173107460513793,P
1353371441174077440,N
1303757897277595651,U
1341316808893231105,U
1394365308794818562,N
1415274573004738562,U
1415951730676617219,U
1372791947379666950,N
1292255006565990401,P
1251108055602905088,U
1413913364103933952,U
1250295240562376705,U
1280244504147013632,N
1251900572829208576,P
1403426607495143428,P
1361615428976541696,P
1417417700863889408,P
1353583839633838082,U
1308195530841952256,P
1297239405925740544,U
1350686504356605953,U
1277280966248148993,U
1356851237497368578,P
1418508631465660420,N
1312351827288109057,U
1362062828564340736,U
1385919632071086083,U
1372366502783946759,P
1371341189778145280,U
1352995846565072896,U
1258418437191237633,U
1381546395107160067,U
1296078159344013313,U
1295425625327509505,U
1298699461166862336,P
1267127678727081988,P
1351085893533233153,P
1369464051294732292,P
1328574859090255873,U
1360191907658366979,P
1297886960409772032,P
1369896191685758980,P
1371065123238993921,U
1318205193742331906,U
1414612978561806337,U
1412015374346895360,N
1307099027985641477,U
1236499311543926786,U
1236984851649236992,U
1380594834008809474,U
1328572107702358028,P
1259723898133770240,P
1397988674990579713,U
1303351749948833794,U
1335891814344081409,U
1253496669238419456,U
1361752007392993280,U
1287173143929520129,U
1408076520812318724,N
1248936143804141568,U
1395043375217184775,U
1404594651252899843,U
1369822810688917504,P
1272791263184486400,U
1354396549556662279,P
1359743622371897344,U
1380126904842252294,P
1250426193951617031,P
1245782572405268486,U
1284531881401184262,P
1412743046035292165,U
1406913919386542081,P
1249722638424997888,N
1304944494232522754,U
1412295327995019265,U
1335909389551669250,U
1297211702946271232,U
1266523904916566016,U
1341038171715497984,P
1421183172138749952,U
1381993097568137220,P
1381319530262241285,P
1241875384578314249,P
1336490687555047424,U
1370702410142908418,U
1364649781352611845,U
1342069211368218627,P
1348203324294782976,N
1389156154840952833,N
1305535958755016711,U
1334738081212104706,U
1401848624133328897,N
1292824610497593346,N
1407154869346070546,U
1415611955532890114,N
1360254496878825473,U
1401205681286434816,N
1296440937636335617,U
1297198671528898560,U
1251742942743724032,U
1295925712600182785,P
1362069024625094659,P
1368985540696170502,P
1236130959923216384,U
1402533269766291459,U
1386595626817892352,U
1342422577847939074,P
1245881942425268225,U
1405407421795901445,U
1382000513483440131,U
1244692684108750850,U
1280055714497454081,U
1403233262382706688,U
1398942109340635139,N
1327884492086927360,U
1270676375435804672,N
1337696883058216967,N
1293925675452129280,P
1402147172670349326,U
1417290673653305346,P
"1,28128×10^+18",U
1393384590379819008,U
1387707631469428738,U
1379735402286776324,P
1402337319076696069,P
1368590632999133187,P
1301420799375683584,U
1392189110622818308,U
1278030167470899200,N
1291776109298802688,N
1277664854992543744,U
1402146601733402625,N
1313032733862457345,U
1415852731240042496,U
1401144638367584260,U
1387704303427727361,U
1373881519333273604,P
1281954873832099840,U
1393174231995793411,U
1346122521570119682,U
1408859952282746887,N
1330929907308900361,U
1354128289510600708,U
1308555860986212352,U
1351604713020661761,N
1362782515971391488,U
1393596497850142723,P
1364824248544501762,U
1398216864023592961,P
1358659586505474048,U
1297468116503416840,U
1248468899181383680,N
1291249926492639233,U
1329854808535216133,U
1246203951835463680,P
1367443769981890566,U
1261107805747941378,U
1419959210821967875,U
1304784040478871553,U
1246677280669065217,U
1294602782847180800,U
1391932837788520457,N
1297448661018804224,U
1242276197125496832,N
1254333691804790785,U
1270659252126920704,U
1339819063254659073,U
1412833440706093056,N
1279173804246343686,N
1391357452008886275,U
1410266179189489668,P
1335297231721644032,N
1274114799253757952,U
1366462863724879878,U
1287936588761063425,N
1278228355813441538,N
1342346486038740994,P
1376917976721592323,N
1346484412607676416,U
1290535120730980352,N
1344165642644180992,P
1364272584582254592,N
1271697436847640577,U
1365903633968103425,P
1333049426609397760,U
1356570552505368577,N
1323585248777687041,U
1327324959413334016,P
1285238364887810048,U
1274690851038527490,U
1252482232675037184,N
1289486309325565952,N
1250710981203898368,U
1264369444874264576,U
1345806004764639233,U
1390736992367960064,P
1311199839066230785,N
1374297722468073475,U
1346891356329844741,P
1303720338350579713,N
1359748487429128193,U
1273940653584629760,N
1242966389989806081,U
1417091152633868296,U
1240859350748385282,U
1269775196153577473,U
1387375272492638208,N
1372563060116779012,U
1374175515838414851,U
1334676459508547592,N
1326703316735291392,U
1301395407407259650,N
1344673316712361987,P
1259549258564489217,N
1312035204110979074,N
1326761483175399431,U
1257310102215770114,P
1370448349619482631,U
1406066420253970439,U
1391312460246827011,U
1320542798618095617,U
1310986834936303616,U
1315075442269773826,U
1396284530349072386,U
1307907387773386752,U
1345308006876119041,N
1326856292120588288,U
1313146329351290880,U
1292474046400139266,U
1238633100093120514,U
1382663370793451524,P
1298863892085391361,U
1278024282795315200,U
1252957081914744832,U
1246556498303619080,U
1325510390223171586,U
1309717832813301761,U
1412349623365214208,P
1276455792690880514,N
1368375797166309377,U
1318715286598672384,U
1413315763386032128,P
1238487218169274368,U
1253965673081958400,U
1365824799549911049,P
1390697695149400065,U
1368228591952134147,U
1284875711623438337,U
1421495844998615041,N
1260256417425981441,U
1366997982684401670,U
1368524418801164289,N
1302057468181327873,U
1413164218052907009,U
1373516800084807682,P
1295047981775945735,U
1376563896492900357,U
1242966007532015616,P
1290571081355390976,N
1268114639113662466,N
1289524703715975169,U
1418601143463120897,P
1379286946640355332,U
1250446945606225921,P
1282099937011027968,N
1272003465770938368,U
1384209790247731206,U
1328997823350669312,U
1386900175571099652,N
1240546132943659014,U
1396433312814673920,U
1249553086365995009,U
1255523875204395010,U
1313903759676841985,U
1413797201353052161,P
1283729569602732032,U
1269338735965097984,U
1308410794514800640,U
1319078229467140100,P
1335096786231250944,U
1243213692247977985,U
1399905498690994177,U
1382361845944569862,N
1339088640958402566,U
1334102708165500928,N
1279955090451857408,U
1332930989849518082,N
1350516277123575808,P
1400513446362324993,U
1301337236969988097,U
1343851940334227456,U
1406857364918071297,U
1298694026032488448,N
1331442986324873218,N
1331474805510471680,P
1390913993720700930,U
1338814163183935488,U
1309440509744680965,N
1241235675229421569,U
1332712931037831173,U
1246053520282804224,U
1342137882031620096,U
1255098374103207947,U
1387112410171969548,P
1328774522150019081,U
1341562262792900610,N
1314147426400337920,N
1315123783305363457,U
1256241338879741960,N
1373176521385463808,U
1296015891469983745,U
1347092583034470400,U
1287516675307274242,U
1296416614292828162,N
1339901911663845382,U
1246465270790717445,U
1311166387700805633,U
1338437941794893824,U
1286176450773757952,U
1332724656059654144,U
1384737879298039808,P
1282956534188838912,N
1264519560633430019,U
1268697958792302593,U
1351751553028337665,N
1351963498968846337,U
1413017162692845568,U
1346169267511816193,U
1280776880140857344,U
1311721594453135361,U
1417786348237381633,N
1367187880423088128,N
1385259877099098112,P
1290608376771227648,N
1392865607322796033,P
1262622060351717377,P
1269569313498939392,P
1380700409086550019,P
1334072191755968512,U
1384207659906179076,N
1385669325353230338,P
1243245059446800384,U
1398556650722586661,P
1330437677548703744,N
1313796052592590848,N
1411569862976045056,P
1391327834539380739,P
1249808794022023169,U
1294657376058925063,N
1311123076554264577,U
1293942394891702272,U
1274272241698603008,N
1295295916455460864,U
1355826498075299840,P
1391360254500294658,P
1342715194519089152,U
1304437777082331140,P
1348597027437903872,U
1306639154919473153,P
1376002697002815488,U
1295574254067408896,U
1393173210053718016,N
1373793841573154819,P
1367502415222734852,U
1373603142529605636,U
1337282288099479553,U
1363516216275427328,P
1238999758116700165,U
1394148857886371842,P
1367390195268669444,U
1400995315872788482,N
1341762549495328768,U
1273312630682214401,N
1329236327209070593,U
1366098926722568195,N
1239843567385735168,U
1380852485057867778,U
1381576513330503682,P
1318139776860565506,U
1252622821982781441,U
1307021433189564417,U
1326911660829913088,N
1283597579784265733,N
1265627306359488512,U
1257378469983457280,U
1415531203797549056,N
1420673082809802755,U
1288896901820157953,U
1347932576955174913,U
1300359867761176576,U
1316651517248757761,U
1339637158932606976,N
1403379846475141122,U
1387737383488167945,U
1366777847352877058,U
1356992056019746820,P
1368721741317603329,N
1402873207774842885,U
1352484873957744643,U
1351826371962695681,U
1412729199404765186,P
1268815710123372544,U
1370403897379016711,U
1420244153527586821,U
1326855934375731201,U
1287709832720666624,P
1393023230533898256,N
1310807999946977280,N
1300022232983523328,U
1258619765951655937,U
1249580560525275136,U
1246802160454717441,U
1325602619277107201,U
1362681940277616643,U
1403062568156110853,P
1296837507578036226,N
1279317354791366662,U
1246251202087735296,U
1380406018434211840,P
1402595421122445312,U
1248427948396302338,P
1288049397125853185,N
1375836910984265732,N
1309000022177001474,N
1303404917667835905,N
1281871219537653760,N
1323956803546370049,U
1388644655055708160,P
1300852811996049408,N
1355331203398819843,U
1303509423298670595,U
1247701863761412097,N
1312770966582439936,P
1391310441389907970,U
1363402588922683396,U
1363775683797786624,U
1383078241842335748,P
1329493226785529856,P
1360474810401361920,P
1381425564095930371,U
1340687010374307841,U
1262253660332896258,U
1255793071083720706,N
1241145301131550727,U
1365907377741045761,U
1265094742620213250,N
1236507780640419840,U
1417815700446584834,N
1238527158143856645,U
1365479208126992384,U
1254344082488389636,U
1324722513532887040,N
1394540710553075715,P
1328047023141031937,U
1323381883149967370,U
1350046899433332741,U
1411712832182366215,U
1252553851292520448,U
1344578668912402433,U
1407004468005253122,P
1262912192502026240,N
1365736473295781893,U
1408859790697132032,N
1381319584934952967,P
1268496564948996097,U
1383387279255687171,P
1349323056376909825,N
1278710927676882946,U
1415338451373858818,U
1261682853991063554,U
1308728443857563649,U
1356902660587274240,U
1245051691587604480,U
1398669696820387844,U
1373604776676622336,N
1322453358586847236,U
1255762794122588162,U
1347928704580775937,P
1276117236256817154,U
1328853748521730048,U
1275955300667928576,U
1242475612800978947,U
1379817160818626567,P
1368141596051398658,U
1272099126012809219,U
1267682907922919424,U
1246870172570353672,U
1293120090854940672,U
1377288243180371968,U
1415641053814796288,U
1320676380661686275,U
1373453816817807360,P
1327184430394449921,U
1244144429323018240,U
1399693738906210316,N
1337577894592225280,N
1340558790912053249,U
1296250095009030146,U
1377590936079888386,P
1351710263255429125,P
1265941209450774528,U
1292983349556936707,U
1249558361319800832,U
1402292000204984323,U
1349599600760430594,P
1378280366683873280,U
1327276294543986690,N
1247127926866432000,N
1262692829899501568,P
1407943979971362818,U
1263133373087780865,U
1389234016478371840,U
1234252681428029442,U
1414614384517730314,U
1401116100620808197,U
1414660642829574159,U
1273274809602863110,N
1367655712625721346,P
1250234542386020352,U
1394353540320186380,P
1251112644511174657,U
1379346489969938432,N
1414250120196022273,U
1266796242446643202,U
1391329709607116801,N
1287294740778508288,N
1265956437512970241,U
1414296327832313862,P
1239944518025297924,U
1412078646718828548,P
1249876337025626112,P
1345301447748026370,U
1359787756201926657,P
1260861345408454656,U
1337108595880628226,U
1264646286407602177,N
1382631706067402752,U
1247233397820252166,U
1396537661087748097,U
1377848335239897099,N
1412379631496437762,U
1349536128123080704,U
1336017073458188288,U
1388004479082000384,P
1397218643126231042,U
1313862326215479297,U
1345036789417963520,U
1415339572435718147,U
1373138515597406212,P
1415587723721723905,U
1305988751043198983,U
1373594217264553984,U
1330130570534412292,N
1391421902963544069,U
1364092636311801862,U
1248939462958120960,N
1367185803009421313,P
1322463161283465218,P
1395985483973414912,U
1260126447831662593,U
1337108694257999873,U
1409085039783129092,U
1300964994914418688,N
1384322193396543490,P
1378648142564954113,N
1329495602795864066,N
1313502510720708610,U
1373088671906299905,U
"1,33407×10^+18",P
1260902252589600768,U
1348325637312933891,U
1285006614592921602,U
1395919731190865920,P
1341412593789972484,N
1385772296690864129,P
1248279279390961665,U
1253320524685381634,P
1270059287851589639,U
1395193229083963392,U
1399440499925266432,P
1368014477136957440,P
1282041585564364802,U
1405705935172087808,U
1251327773508919296,U
1344249746366590976,N
1356678725165850631,N
1317431632484311045,U
1293576706649780224,U
1331890603290923009,U
1414916975713669126,N
1264007163900424192,U
1395041361603219467,N
1313087745477226498,N
1280922455436144640,U
1282700383580762113,U
1283775680866652166,U
1414917407060209666,P
1326043797759746048,N
1371066749131624454,P
1360391260838658048,U
1336337457625800710,U
1362327512706146304,U
1353146556359208961,N
1328584671303766016,U
1339226919691235329,U
1282376094323105792,N
1327059454597054466,U
1309837652766724097,U
1267572537229262848,P
1278028894688497676,U
1370809907788779524,P
1282789986220244996,N
1329813336905674752,U
1320522095651024896,U
1237369473499377664,U
1416470832671514633,U
1337623581207957505,U
1336609549877383168,U
1292992833020993536,N
1263531251320926208,U
1286690897770565638,N
1337914625057288198,U
1301347231996342272,U
1384219810314162176,N
1346272068539740164,U
1262456429916684290,N
1394365372363587588,U
1276767536462217216,P
1391637958827073539,P
1283474936896663553,U
1379612205650481152,U
1373519006292791300,U
1333290736205389825,U
1347347476882345985,N
1388461987122749444,U
1294310194759925760,N
1378232950349647872,P
1343219700885499904,U
1303653375947542531,U
1395310280511475713,P
1293153834748071937,N
1389881131386949635,U
1257899113149894656,U
1261463848671838208,P
1279793193752694785,U
1399747317293518850,U
1285241023426367496,U
1326762411718811649,P
1383125050224693248,P
1417914755352825857,N
1353945088070713344,U
1369447674404044810,P
1361752171537199106,U
1252391530871943174,U
1344166128856215554,U
1386648018615619589,U
1314589170757562369,N
1240074857410367489,N
1331409811326418945,P
1415556265393201152,U
1289152934760996864,U
1281192761694269441,U
1404104017978986498,P
1322556311611928582,P
1274717976411942913,U
1364366721990221826,U
1234168322490425345,U
1290612152806584320,P
1379141880630419467,P
1361853350988247040,N
1339748981174378497,P
1393595555104710662,P
1344096510183690242,U
1326900446762569728,U
1335657600554299393,U
1330582927969804298,P
1367548350816342017,U
1330802109202259969,N
1291545053098377216,N
1286832452946628608,N
1358229192358260743,N
1284021399053430787,U
1352434586072977409,P
1292998187897167872,U
1359717109090029572,U
1389504226808647681,U
1240248455982874624,U
1397437753382502404,U
1412366366905143297,U
1410628014040403968,P
1264779416116146177,U
1362705433815834625,U
1335759961318596610,N
1281143609522155520,U
1324880332709978114,N
1344220654497902592,U
1340178572254830593,U
1236296606372282369,U
1302667420549754881,U
1379610957136027648,U
1271190176753160193,U
1373199956962607108,U
1304627020094152704,U
1306920631653593088,U
1357857261314584576,P
1251215215947063297,U
1347512088269357056,P
1248429289847926784,N
1379039833994235910,U
1389548258893119502,N
1417368974380122112,P
1326849264090288131,U
1307479417283903490,N
1284370352295092224,U
1415020935892160512,U
1273193996408328192,U
1418455035122421762,P
1290605967764271104,U
1412077256025980929,U
1364459477542391810,P
1403649384693350400,P
1310088978696028161,N
1333373031696089089,U
1420051334473031682,U
1394444962968739840,P
1404829435090509827,U
1323944980617089025,P
1343796200567271424,U
1260169292538150912,N
1407412453567188992,U
1251528102779338753,N
1293044729433583616,P
1245011075470446594,U
1234254891389984768,U
1284171305571344385,U
1299519706995589120,N
1401137671372689409,U
1334934395795337223,U
1409082740943704066,U
1277418152423567360,P
1410172857603211264,P
1331054112738258947,U
1366930989734363141,P
1269678779166797824,U
1375744402644160514,P
1346167135635169290,U
1254582302400753664,U
1283013368077520902,N
1350690025063772160,N
1262552225269927940,U
1382511163804680193,U
1292421336816594949,N
1359453629724454914,U
1404619060097130498,U
1331053078179667969,P
1320055621589360640,N
1407661055145283585,U
1255368985635442689,U
1340366274778558471,U
1290309122638790657,N
1345396582187999233,U
1361250315073449984,U
1398707318808850437,P
1370041487904305152,U
1247615473455443974,U
1252775549707091970,U
1280545247831846915,N
1373328161916784643,U
1292049303494692866,U
1297599511779594240,U
1388931155768995841,P
1312418227247439877,N
1298689793015058432,U
1257255001614880774,U
1238864262694612994,U
1417453607599976450,U
1404285124565344261,U
1268791511363342337,N
1246964163391320065,U
1291760670791196673,U
1298359360628781056,U
1380954119783993344,P
1302463708283559936,N
1344943018336370688,P
1310398664058175488,U
1292038233895960577,N
1397265290749259779,U
1328773502716014594,U
1257339043152572419,N
1276411449456431105,N
1418872847691358212,U
1327858026557149185,U
1394593302217957378,N
1397988183913029633,P
1344937557440819200,U
1318164361374990342,U
1341253638635872258,N
1415852968096649218,N
1393502529573593088,P
1241416914041065472,N
1291986328041725952,P
1403156334703489027,N
1346368464949112832,N
1275086129235189760,U
1386347059247210502,P
1342279410041278464,P
1304536053353607169,U
1372974860968853515,P
1410480736398823429,P
1268917030268235776,U
1244590943183011841,U
1372567270057074695,U
1302533115382988801,U
1402853530172641282,P
1340324047956176897,U
1298070336093728769,U
1387945956209946624,P
1365253228452061190,P
1334674977883258881,N
1256501768541913088,U
1248790717863989248,U
1356489176821215232,U
1327059841823645696,U
1347617702983118849,P
1420351654143086593,U
1332394287431110656,U
1279053813559615489,U
1238278659988996099,U
1359075051115597824,P
1236352242380410886,U
1364420169410387970,U
1375884900587425794,U
1263856474595475457,U
1284124499244273664,U
1345805650513817600,N
1365689188754944001,U
1393958373834514432,N
1234552564584046594,U
1259289398601895936,U
1275355987193536513,U
1258937961095331841,U
1257989002948423682,U
1346978339014119424,U
1410567376458878979,U
1259185483323633664,U
1316753310930497538,U
1375052980286787595,U
1240067087663386624,N
1289698003964628992,U
1286262840362500097,N
1252614406908903426,U
1419476886950907904,U
1290098419667632128,U
1392655807808950273,N
1354363370581983234,U
1409397007815524359,P
1418093394224615429,U
1260811094534299652,U
1296983411677171713,U
1370191684328361986,N
1331984399580110853,U
1334740966079483905,U
1333375876185001989,P
1317630396226433025,U
1322719664615706626,U
1343721500331933696,U
1350876375285116932,U
1393896795013480449,U
1410122792402489345,N
1295374842687107072,N
1282702387761811456,U
1249549962494517248,U
1376420151667666945,P
1354035831414153217,N
1249035611576688640,U
1332980312859619328,U
1293150317882642433,U
1362642757999853570,U
1241787650681561093,U
1289395261224042496,U
1341410808413245449,U
1360918195452981250,P
1248088118592495619,N
1372858541518823424,N
1297589314851725313,U
1249214474424385539,U
1397126086513897478,P
1331622677598121987,N
1325147972087156736,U
1329578383345324034,P
1399031305543684103,U
1374900076032692224,P
1313700973492269059,N
1333481490840170503,U
1404619588692754432,U
1409843703380910080,U
1416063518990798853,N
1390123113543725057,U
1374422085267644420,P
1412349413658271745,N
1311278015188545538,U
1308817243749441536,U
1416203087677575170,U
1414644972154982411,U
1249804709579407361,U
1256898371907989505,U
1382301399724167180,U
1256095799332597767,U
1363666618610569222,U
1356270867244789762,U
1242755982012428288,U
1296470743186903040,U
1260957384786079745,N
1253640985805873153,U
1345335980639838209,N
1341991864363266048,N
1242163646467170305,U
1360044688485609472,N
1293433818100031488,U
1323029782641168387,U
1404151133648547840,U
1410537838161059842,U
1239474668505047047,N
1353731536353419266,U
1402656017750626305,U
1331670945228939265,U
1359938721181753349,U
1307135577729503237,U
1377558529020727303,U
1337673050460925952,U
1370884199377297410,P
1355229158843027458,U
1338080846843006976,U
1377588570559504384,U
1347147601691480064,P
1397256610641182723,N
1374521306578784264,N
1312466498049380354,U
1294937326922203136,U
1384530197110734849,N
1238891812359753729,U
1386859989453713414,P
1344941554994212865,U
1385408963525505027,U
1420457882223398915,P
1364455888472461317,U
1354003903487029248,U
1300341162608414721,U
1331460499540590593,U
1419325157626335235,P
1275445440956129290,U
1265936492230250502,U
1399332373590855681,P
1382868614911455232,U
1327312074423332864,U
1241601859078389760,U
1292839106188161025,N
1266508678770888705,U
1302769819880570886,N
1344612350373064704,U
1346167195122995200,N
1277850314088079361,N
1377195096706330628,P
1321738472298827777,N
1341912084536324096,U
1347427524511412224,U
1347247535849689091,N
1355953832455516160,U
1285021872283807744,U
1385478785336741890,P
1304073176230420481,U
1391409975256256512,P
1347117520830951425,U
1394243218020081668,N
1286548236732436480,U
1343109611134447616,U
1362647878481551360,N
1353416701459759108,P
1315833315622965248,N
1404866233896521735,U
1397780991251345408,U
1344945472629256194,P
1314846243072479232,U
1385446920085147649,N
1327528636711280640,U
1381576063030075396,U
1292382978761347074,U
1381999950771314690,P
1252401107243958272,N
1418239221412810753,N
1378723850687496192,U
1372821229233709056,U
1411758516059009030,N
1339235079235792903,U
1333945885819084801,U
1412485563442253827,P
1368576653803261953,U
1246123732256645125,U
1241896495470858241,U
1375820317168431107,P
1417145230625812482,N
1320601581323255808,U
1332804070000779267,N
1367047053000515586,N
1302486921831051265,U
1309035105889984512,N
1347425585115623424,N
1348146860679000064,U
1411987549028032512,U
1245301248233885696,U
1277659679557025797,U
1420924658644398080,U
1272961570226745344,U
1343733025771814912,P
1363816460108374025,P
1314381119387848713,P
1236620421685886977,U
1364907332694605829,N
1373605126053707779,N
1361856035934400515,U
1387798584972677120,P
1320591264660791297,N
1257545007508021250,U
1281289975452098560,U
1419892498890067970,U
1353640499119271938,U
1273909083612024833,N
1241656604098846721,U
1402509875972919296,P
1278705524431818759,U
1309917456912318464,U
1311842419873259520,U
1237788584913981441,U
1298271661385424896,P
1402442390217109508,U
1326236230330310657,U
1265606622040088576,P
1333946405522714624,U
1258326688871612417,U
1403733525245931522,N
1264937804674600960,N
1308091520629735427,P
1419371493511815175,U
1279394781496512513,U
1341263673646526467,N
1262601861712031745,U
1287670923772928000,U
1326849160784433153,U
1291190556878606340,N
1417187533881024514,U
1417448449100947472,U
1379976295753338880,U
1333842529326915591,N
1344528871543115776,P
1248630478275559424,U
1324208614517710848,N
1367337262187352068,N
1314845971751350272,P
1259827868298809344,U
1252997755179618304,N
1376038838754287619,P
1362283432332648450,P
1391989197813125120,U
1246635780270723072,U
1350106004722216960,U
1406680773030187011,N
1340522169143476225,U
1386992685265952770,U
1303733239933292546,N
1316050768827420674,N
1388412731041230849,N
1374068511895523329,P
1336186368557367297,P
1294329052568801280,U
1309945229311533056,P
1281217288230842368,P
1306820752692445185,U
1410295829076787205,P
1357551023217274880,U
1359522119974068225,N
1364284605881331713,P
1364056895107985410,U
1240335889223598085,U
1400401892119879680,P
1270968980044308480,U
1343375653824045057,P
1341688660257878016,P
1308373611464491008,U
1292987798438346753,U
1307322575597506563,U
1258129838239617025,N
1319208844996694017,U
1265826103718842368,U
1237803800401809409,U
1383725152236568580,N
1371630445008408578,P
1393084518785896451,U
1278384418919526400,U
1272114253814738944,U
1410189708223787010,U
1261426566665404416,U
1395448084914708484,P
1378407154785247236,P
1346987288274763776,U
1398507009368989701,U
1359525494857809920,N
1403292452564393987,U
1237440351604035585,P
1272207164527054850,P
1327041109223219200,U
1308239764689092611,U
1253275495959011331,U
1320496425025916928,P
1381157351491706880,P
1277610909133914118,N
1251870701444902912,N
1402487811459010561,U
1245828612609028097,U
1310105256005566471,P
1350765681504083976,U
1368274981302398976,P
1341768842910060552,U
1334672641257574400,P
1340836265155993601,U
1300700183940837377,U
1341090898113744896,P
1403142782122741762,N
1252915452642238464,U
1407295315984584710,P
1345643527384887297,P
1288454233428078594,U
1249533620668301316,N
1391408742009278467,U
1338085877050978305,U
1351046406727995392,N
1391436447480221696,P
1364434983528501253,P
1357284515803185152,U
1378046748770324486,P
1318622005541961729,U
1315243181441769472,U
1375953195613179904,P
1401815196780437507,P
1291185983472332800,U
1289676709420101632,U
1409811413988687875,U
1258394768674926592,U
1288101609982001157,P
1253599380575334400,U
1328255323145170946,P
1301731195047288834,N
1373951577787142146,N
1286300532529934336,U
1301165678871814144,P
1308253602520023041,N
1250703130964230145,U
1338447188578476032,P
1360032149957582848,N
1361470355957817345,N
1386126477339602950,U
1341655577030737921,U
1368065906622955529,U
1377125221702934534,U
1351955296420323330,P
1393380189724348417,N
1251166211716509697,U
1341762366413926400,U
1297495154417262592,U
1251201155604131845,U
1369676256531259392,U
1388721135240445953,P
1364240287581700099,U
1364598232538611712,P
1387107073909985287,P
1287057926830653444,U
1303382445371404291,U
1349420530831650816,U
1403720581082763267,P
1372773088446705664,P
1338871659055419392,P
1392496575495036929,P
1344210270692855811,U
1237779654557274117,P
1380549325063864321,P
1349324428191133697,P
1234826248242724865,U
1353554051997159424,U
1300840488061169666,P
1245006802715983874,U
1406537600333238272,U
1367046701459116033,U
1366085010009292804,N
1374166388030504965,U
1256162221970817024,U
1345242765672796160,N
1391553558311473156,P
1400977233989103618,P
1365011054766489601,U
1393231940665364481,P
1235127867375222784,U
1312156131960053760,U
1390109044053053443,P
1336892970860044288,U
1262400393562161157,U
1397062159645827073,U
1247586399546728450,U
1288158112847990784,U
1332823355699974151,P
1367134618109976577,P
1360652441725915139,U
1247777946980380672,P
1284494348156108800,U
1327092513761595393,P
1380549669445627904,N
1349417428003024901,U
1250845880468541446,U
1299372794078212096,U
1295694774255550465,U
1373967527399727105,N
1261354898303655940,U
1371124328109023234,N
1245370193108402176,U
1284377314474831873,U
1285066889786298374,N
1278717963328258056,U
1291730243737116677,U
1250792704088461312,U
1247558948087046146,P
1291896178850836480,P
1295820124104974336,N
1306449355809992705,P
1266957908828446720,P
1278234173996597248,N
1336896141338812418,U
1384672946086612997,U
1354241445012627458,P
1250227880031924226,P
1394726088627179524,U
1368015820719230978,P
1240649569542778881,U
1375044677422944259,P
1327418873226866689,U
1330832270748495873,P
1255826417612394497,U
1407565966813261825,P
1380090197858164739,U
1394313080952197122,N
1247657550729940993,U
1397265472802803714,P
1386024816247853064,P
1326335531756658688,P
1399054357115592704,P
1238525289728290816,P
1361991520681926658,P
1327276395639214080,N
1322133248172990465,U
1371531990919491586,U
1286108549127573504,U
1288232327005392896,N
1401400229887418371,N
1250120895730982918,P
1366625570415607815,P
1345740639577759744,P
1276330879678210048,U
1362327167854645248,U
1401870333196472320,U
1322746425751576577,P
1265425103011053579,U
1340962173242273794,U
1334826119896461313,P
1344891620882173954,U
1257482325664894977,N
1388818276268998658,P
1324922659935760385,P
1245028001990856706,P
1262987169699893249,P
1296426619737985024,U
1321925790439755776,U
1391047407660519428,N
1370958984530829314,P
1286372172336893953,U
1397061987532611584,P
1318431930975649794,P
1404817345965694981,U
1259670156915216385,U
1240032198868307968,U
1346889887581151235,P
1361827851922718723,U
1380548319177371648,P
1274488081094230017,N
1396695799904440322,U
1331433522637238274,U
1238131231436337152,P
1291008671225389058,N
1307787734849916929,P
1360473281153945600,U
1404220454525575169,N
1243234131481366528,P
1263024939856064513,P
1375004801495310339,U
1261313317219569665,U
1365821495432409090,N
1252322825777459200,P
1291421848211783680,P
1274048880011874309,N
1374634157104455681,N
1248146954917425152,P
1326084137808179200,N
1275358172438507520,U
1330891403765841920,U
1398702281067950084,U
1281338214268141575,U
1368870576962625537,U
1408389043956506627,P
1380096791694123012,U
1340877036039122944,U
1254108582758547459,U
1253141686328360960,U
1383492564523786242,N
1291529455106691073,U
1348924550436823041,P
1247970540486365185,U
1407876434039869440,N
1387946225551376389,P
1339435729127149569,P
1402053069760696320,U
1317977339138105346,N
1251662739166179329,N
1304316152206811136,U
1375982363180625925,U
1346988494082732035,P
1375104128788037635,P
1246554436866134017,U
1236569659534499841,U
1304887916813004802,U
1381274366407757831,U
1328305066793725958,U
1257929075685015553,U
1321888819629707266,U
1383570501893689348,N
1349519066604691456,U
1313091219023634432,N
1393518479551107073,U
1402588411769274368,P
1306843953346428928,N
1282551975431868417,N
1361342130267037698,N
1264458364777459714,U
1329307283021434880,N
1372829874038005765,P
1342589088990429188,U
1378403311192182788,P
1256951961645125633,U
1336112066978078721,P
1404873779080138756,N
1350035166421536768,N
1312020524504096775,N
1396475330098089985,P
1239908231192944640,P
1301682474624454656,N
1353777826009395202,U
1328729281405575177,U
1287930196746817536,P
1342182496432254977,U
1372363185509048321,P
1258062276751495172,U
1316344148887248898,U
1310452539821903873,U
1371034729177288706,P
1262312621971312640,P
1306918397083516929,U
1295431833341980672,U
1323567826297376777,N
1341455951778471936,U
1362428898231910405,U
1319454146962071557,U
1337691872496668672,P
1349655220293255168,P
1363665500379701248,N
1404875836688416773,U
1414162099245355011,P
1279344287725973513,U
1266864099675209730,P
1373088651941343232,P
1419113060527087616,N
1333221107390849024,N
1280100329007136768,N
1337106753897447424,P
1359470464008085505,U
1276536336611237890,U
1286109472952406018,P
1248641155564265474,N
1309870842264707072,U
1373879776419708929,P
1397489883099254786,P
1312049878097375234,N
1405599813861658625,P
1418508455162351619,N
1403648698777800712,U
1351827169983553536,P
1269919705437032448,N
1285895592137428992,U
1379612615127789569,P
1347791989282988035,P
1302061220212609025,N
1374796873698009088,N
1290816406196559872,N
1334072555431452672,N
1255828626576158725,P
1330901386784018434,P
1360405509002592257,U
1368272334491181056,P
1257970027417997314,U
1258468917212778499,U
1251574994150318080,U
1246874480342949888,P
1405856790328262660,P
1350472371724034048,P
1358127324017774594,P
1361750198142271491,P
1249411504140701697,P
1239519462975553536,U
1388098741018628096,P
1256175085892796422,N
1273624793301094402,U
1402926357030445056,U
1326048818673057793,P
1383810457501196301,P
1234701438388969473,U
1393746433325600776,N
1323170988549378049,U
1330020306350641152,U
1373601160335134721,U
1341623000186163200,P
1287447558218948610,U
1301014531800354816,P
1262624124356214785,U
1291188780477620225,U
1360527821127512065,N
1324956898538479616,U
1287701939526881284,N
1252567454536138753,U
1285459808909324289,U
1279471368761999360,U
1279074713608712193,P
1412656931752189952,U
1318581107017670656,U
1385199020264525827,U
1291341400500514816,N
1365734565692768259,U
1412347965709205504,U
1368529213465198597,P
1409691814274031616,P
1269804829058183169,N
1331567717921542144,N
1290249266682712066,N
1331534287779336193,N
1245373880253939762,P
1385050616532279296,N
1325488723698446336,N
1306201085900500993,U
1351706546959310848,U
1329354941429911553,N
1358806634819162113,U
1384580508756025344,U
1327641306802368513,P
1259431472022401024,U
1376135971260006402,U
1322451855146946560,P
1333481045640032267,P
1359469632105697283,U
1330025060648808448,U
1324153310786457600,N
1301040741909540869,N
1366929908732022785,U
1284911515527675904,U
1255933065748189184,P
1331627403920232449,P
1291544403413278720,U
1331204882594926592,N
1402232267209162755,P
1281037208741437441,U
1357293081431834624,P
1286690848684507136,N
1296834691031609345,N
1294947743312437252,P
1267485224826482689,U
1291442051951730688,U
1345804366066941955,N
1341352763570184196,P
1241013498890551296,U
1259762636054560768,P
1248843623203917824,N
1234531480967229440,P
1258057569597259781,P
1236538816753627137,N
1400888033675681794,N
1287562649417527299,U
1249876650885632020,P
1247121827228516356,P
1329861820316835842,P
1389155098199138306,U
1258469564230270976,N
1302768297226559488,U
1376925881441062917,N
1382633780188377089,U
1379401232943439876,U
1420096214020857859,P
1332396750359891969,U
1404103789586624517,P
1271230196771885056,P
1277614245811818502,U
1258468543370350597,P
1360524616612126722,P
1254209263183986689,U
1290351930175258627,N
1411987131992449025,P
1261897552720531457,N
1387841898136674317,U
1347978816455659520,P
1420714778138394631,U
1350878845776375812,U
1271807409237958657,P
1311152296907202562,U
1381184371000897542,P
1374971073566027778,P
1294232952516366342,U
1255159135118733313,P
1382270683464486933,U
1259193687088775170,N
1325875445234081800,U
1376970983039455236,P
1409114792586092545,N
1417514577454112772,P
1264254108413943808,N
1367140816616099843,U
1270010538932740096,U
1362214941709770754,P
1254844802702729220,U
1382044620243271683,P
1371760310453891072,U
1249622602328338434,N
1337365489098616833,P
1318932920506241025,U
1318877486718046210,U